"Company.Name","WebAddress","Health","NAICS.Code","healthcat"
"101 Construction Company","www.101construction.com",0,"0",0
"2 The Top Web Site Design & Promotion","www.2thetopdesign.com",0,"0",0
"3gs LLC","www.3gsshredding.com",0,"0",0
"3M COMPANY","www.mmm.com",0,"2",0
"5 Points Digital Imaging","www.5pdi.com",0,"0",0
"5 Star Compliance of USA LLC","www.mccompliance.com",0,"0",0
"828 Marketing","www.828marketing.com",0,"0",0
"A - Plus Bookkeeping and Payroll Services, LLC","www.apluscolumbia.com",0,"0",0
"A Different View Limited, LLC","www.adifferentviewonline.com",0,"0",0
"A3 Marketing","www.a3marketing.com",0,"0",0
"Above Rubies","www.aboverubies.org",0,"2",0
"Abrio Healthcare Solutions, Inc.","www.abriohealthcare.com",0,"0",0
"ABS Financial Services Inc","www.absfinancialservice.com",0,"0",0
"ACCELERATED SOLUTIONS, LLC","www.arxllc.com",1,"0",1
"Access Retirement Services, LLC","www.accessretirement.com",0,"2",0
"Accountnet Incorporated","www.accountnet.biz",0,"0",0
"Accounts Receivable Solutions LLC","www.accounts-receivable.com",1,"0",1
"Accuimage, LLC","www.accuimagellc.com",0,"0",0
"Accurate Healthcare, Inc.","www.accuratehealthcare.com",1,"5",1
"ACS MULTI MEDIA ADVERTISING","www.acs-inc.com",0,"0",0
"ACTIVE NETWORK, LLC","www.investors.activenetwork.com",0,"0",0
"Acuity Marketing Communications, Inc","www.acuweb.com",0,"0",0
"Advance Auto Salvage","www.advanceautosalvage.com",0,"0",0
"Advanced Behavior Consultants","www.advancedbehaviorconsultants.com",0,"0",0
"Advanced Billing, Inc.","www.advancedbillinginc.com",1,"0",1
"ADVANCED COMPUTER EXPERTS, INC.","www.acepronet.com",0,"0",0
"Advanced Engineering, Inc.","www.adveng.com",0,"2",0
"ADVANCED MACHINE RELIABILITY RESOURCES, INC","www.precisionlubrication.com",0,"0",0
"Advanced Protective Services, Inc.","www.besafe247.com",0,"0",0
"Advanced Sleep Consultants of Middle TN","www.tn-lebanon.doctors.at",1,"0",1
"Advantage CPA Group LLC","www.advantagecpas.com",0,"0",0
"Adventureworks, Inc.","www.adventureworks.com",0,"0",0
"Aegis Health Group","www.aegis-group.com",1,"0",1
"Affiliatewise LLC","www.affiliatewise.com",0,"0",0
"Affordable Home Access Solutions, Inc.","www.affordablehomeaccess.com",0,"0",0
"Agee Technology Solutions","www.ageesolutions.com",0,"0",0
"AHEAD, INC.","www.aheadhr.com",0,"0",0
"Aircraft Battery Shop, Inc.","www.aircraftbatteryshop.com",0,"0",0
"Airlift Group LLC","www.airliftj.com",0,"0",0
"Ajartist Media","www.ajartistmedia.com",0,"0",0
"Aladdin Temp-Rite LLC","www.aladdintemprite.com",0,"5",0
"Alana Health Partners LLC","www.alanahealthcare.com",1,"5",1
"Alday Communications, Inc","www.lucasstrobesystems.com",0,"0",0
"All Secure Technologies","www.allsecuretechnologies.com",0,"2",0
"All Technology Recovery","www.alltechnologyrecovery.com",0,"2",0
"Allegiane Teleservices","www.allegiance-ts.com",0,"2",0
"Allegiant Direct, Inc.","www.allegiantdirect.com",0,"0",0
"ALLIANCE BUSINESS SOLUTIONS LLC","www.alliancebiztranslations.com",0,"0",0
"Alliance Marketing, L.L.C.","www.alliancesupermarketing.com",0,"0",0
"Alliance Software LLC","www.alliancesoftware.com",0,"0",0
"Allison Nutrition Consulting","www.nanallison.com",1,"0",1
"Allparts Medical, LLC","www.allpartsmedical.com",1,"5",1
"Allsbrooks Construction Inc","www.allsbrooksconstruction.com",0,"0",0
"Alltech, Inc.","www.alltechinc.net",0,"0",0
"Allyance Partners, Inc.","www.allyancepartners.com",0,"0",0
"Alorica Inc.","www.alorica.com",0,"0",0
"Alpha Building Corporation","www.alphabuilding.com",0,"0",0
"Alpha Omega Consulting Group Inc","www.aocg.com",0,"0",0
"Altair Data Resources, Inc.","www.altairdata.com",0,"0",0
"Alternative 4 Plastic LLC","www.alternative4plasticsllc.com",0,"0",0
"Alvarez & Marsal Holdings, LLC","www.alvarezandmarsal.com",0,"0",0
"Alwaysconnected Solutions","www.alwaysconnectedsolutions.com",0,"5",0
"Amalgamated Building Servi","www.amalgamatedbuildingservices.com",0,"0",0
"Amano McGann, Inc.","www.amanomcgann.com",0,"0",0
"Amaranthine Technology","www.amaranthinetech.com",0,"0",0
"Amber Johnson","www.southeasterndentalgroup.com",1,"2",1
"AMBEST, INC.","www.am-best.com",0,"0",0
"AMEC ENVIRONMENT & INFRASTRUCTURE, INC.","www.amec.com",0,"0",0
"American Constructors, Inc.","www.americanconstructors.us",0,"0",0
"American Creative Dental Studio, Inc","www.americancreativedental.com",0,"2",0
"American Dental Cooperative","www.ndc-inc.com",1,"5",1
"American Endoscopy Services, Inc.","www.specialtycare.net",1,"2",1
"AMERICAN EXPRESS TRAVEL RELATED SERVICES COMPANY, INC.","www.americanexpress.com",0,"0",0
"American Insurance Consultants","www.steveanderson.com",0,"0",0
"American Payment Systems","www.americanpaymentsystems.com",0,"0",0
"American Standard Shared Services Inc.","www.trane.com",0,"0",0
"Amerisourcebergen Corporation","www.amerisourcebergen.com",1,"2",1
"Amerita Inc","www.pharmerica.com",1,"5",1
"Amicone Media LLC","www.amiconemedia.com",0,"0",0
"Ancillary Management Solutions, Inc.","www.proclaimams.com",0,"5",0
"Anderson Hill Consulting LLC","www.andersonhillconstruction.com",0,"0",0
"Anesthetic Gas Reclamation, LLC","www.gasrecycler.com",0,"2",0
"ANNA DURHAM WINDROW","www.windrowgroup.com",0,"0",0
"Ansar, Inc","www.ansarinc.com",0,"0",0
"Anthology Creative","www.anthologycreative.com",0,"0",0
"Any Lab Test Now","www.anylabtestnow.com",1,"0",1
"Aol Inc.","www.aol.com",0,"0",0
"Apex Energy Solutions of Nashville LLC","www.apexenergygroup.com",0,"2",0
"Apple Independance Mobilty LLC","www.applemobility.com",0,"2",0
"Appleton Harbor Marketing LLC","www.harbortea.com",0,"0",0
"Appleton Learning Corporation","www.appletonlearning.com",0,"3",0
"APPLIED ORTHOTIC SYSTEMS, INC.","www.appliedorthotics.com",0,"2",0
"APPLIED RESEARCH & MGT SVCS","www.ewc-inc.com",0,"0",0
"Apria Healthcare LLC","www.apira.com",0,"5",0
"ARC POINT LABS","www.arcpointlabs.com",1,"0",1
"Argent Financial Group, Inc.","www.argentmoney.com",0,"0",0
"ARISTO MUSIC ASSOCIATES INC","www.aristomedia.com",0,"0",0
"Armor Corps","www.armorcorps.com",0,"0",0
"Artemis International Inc.","www.digichart.com",1,"0",1
"Artis Networks, Inc.","www.artisnetworks.com",0,"0",0
"Ase Technology, Inc.","www.asetechnology.com",0,"0",0
"Ashley Hylbert","www.ashleyhylbert.com",0,"0",0
"Aspect Software, Inc.","www.aspect.com",0,"0",0
"Aspen Dental Management, Inc.","www.aspendental.com",1,"2",1
"Assurance Financial Partners LLC","www.assurancefinancialpartners.com",0,"0",0
"Atc Associates Inc.","www.atcassociates.com",0,"2",0
"Athena Consulting","www.athenaconsulting.com",0,"0",0
"Atiba Software & Consulting","www.atiba.com",0,"0",0
"Atkinson Public Relations Inc","www.atkinsonpr.com",0,"0",0
"Aull & Cooper Cpas Pllc","www.aullcooper.com",0,"0",0
"Authentiq Tax Service","www.authentiqtax.net",0,"0",0
"Autohood Media, LLC","www.autohoodmedia.com",0,"0",0
"AUTOMATIC DATA PROCESSING, INC.","www.adp.com",0,"0",0
"Automation Integrator LLC","www.aieng.com",0,"0",0
"AUTOMATION NTH, LLC","www.automationnth.com",0,"0",0
"Avalon Technology","www.acalontech.com",0,"0",0
"Avankia, LLC","www.avankia.com",1,"0",1
"Avintus","www.avintus.com",0,"0",0
"Avure Technologies Incorporated","www.milestonepartners.com",0,"0",0
"Axa Mony or","www.axa-equitable.com",0,"0",0
"Axios Information Technologies LLC","www.axiosit.com",0,"0",0
"A-Z Dme, LLC","www.a-zdme.com",1,"5",1
"B & L CORP","www.costcontrol.com",0,"0",0
"B A S Solutions","www.bas-solutions.com",0,"0",0
"B Rs","www.thinkbrs.com",0,"0",0
"B.R. McMillan & Associates, Inc.","www.brmcmillan.com",0,"0",0
"Capella Healthcare, Inc.","www.capellahealth.com",2,"3",1
"12 South Dental Pllc","www.12southdentalstudio.com",2,"3",1
"1st Choice Chiropractic","www.chiropractor-pages.com",2,"3",1
"21st Century Aesthetic Dentistry","www.cosmetic-dentist-nashville.com",2,"3",1
"274 Smith County Health Care Center","www.smithcountyhc.com",2,"3",1
"3rd Church Healthcare","www.thirdandchurchhealthcare.com",2,"3",1
"4umd LLC","www.4umd.com",2,"3",1
"5 Star Dental Care","www.5stardentalcare.biz",2,"3",1
"A & R Consultants LLC","www.aandrconsultants.com",2,"0",1
"A Beautiful Smile","www.keithshrumdentistry.com",2,"3",1
"A Child's Dream Pre-K","www.achildsdreampre-k.com",2,"3",1
"A Grandmothers Wish","www.agrandmotherswish.com",2,"3",1
"A Jamie Slandzicki MD","www.nashvillemedicalgroup.com",2,"3",1
"A Soldiers Child Inc","www.asoldierschild.org",2,"0",1
"Aaron Payne DDS","www.draaronpayne.net",2,"3",1
"Ablemos, Inc.","www.ablemos.com",2,"3",1
"Academy Foot & Ankle Care","www.academyfootandankle.com",2,"3",1
"Acadia Healthcare Company, Inc.","www.acadiahealthcare.com",2,"3",1
"Accent Smile Center Pllc","www.accentsmilecenter.com",2,"3",1
"Access Dental of Brentwood","www.accessdentalofbrentwood.com",2,"3",1
"Accu Vision Optical","www.2accu-visionoptical.com",2,"3",1
"Achieve Learning","www.achievelearningnow.com",2,"0",1
"Action Chiropractic","www.nashvillespinedoctor.com",2,"3",1
"Active Learning Ctr","www.activelearningcenters.com",2,"0",1
"Active Life Chiropractic & Rehabilitatio","www.activelifetn.com",2,"3",1
"Active Spine & Joint Center LL","www.activesjc.com",2,"3",1
"Acumen Physician Solutions, LLC","www.acumenehr.com",2,"3",1
"Adam Davis DDS","www.mjendo.com",2,"3",1
"Adam W Crow, DDS, Pllc","www.tn-smyrna.doctors.at",2,"3",1
"Adams Pediatric Dentistry","www.adamspediatricdentistry.com",2,"3",1
"ADAMS PLACE","www.adamsplace.org",2,"3",1
"ADDICTION & MENTAL HEALTH SERVICES, INC","www.bradfordhealth.com",2,"3",1
"ADDUS HOMECARE CORPORATION","www.aidandassist.net",2,"3",1
"Adin Healthcare LLC","www.adinhealthcare.com",2,"3",1
"Adoption Assistance Inc","www.adoptionassistance.com",2,"3",1
"Advancecare Health Services, LLC","www.advancecarehealthservicestn.com",2,"3",1
"Advanced Aesthetics, L.L.C.","www.goldskincare.com",2,"3",1
"Advanced Diagnostic Imaging PC","www.phydata.com",2,"3",1
"Advanced Foot & Ankle Centers PC","www.neufoot.com",2,"3",1
"Advanced Hearing Solutions","www.hearlife.org",2,"3",1
"Advanced Neuro Sciences Instit","www.neurosci.us",2,"3",1
"ADVANCED PHYSICAL THERAPY REHAB","www.advancedphysicaltherapyandrehab.com",2,"3",1
"Advanced Science Wellness","www.advancedsciencewellness.com",2,"3",1
"ADVANCED SKIN & LASER PC","www.advancedskinlaser.com",2,"3",1
"ADVANCED THERAPIES INC","www.calldrgil.com",2,"3",1
"Advantage Behavioral Health","www.advantagebehavioral.org",2,"3",1
"ADVENTIST HEALTH SYSTEM/SUNBELT, INC.","www.adventisthealthsystem.com",2,"3",1
"Adventure Counseling","www.adventurecounseling.com",2,"3",1
"AEB, LLC","www.visitingangels.com",2,"3",1
"AEGIS SCIENCES CORPORATION","www.aegislabs.com",2,"3",1
"Aerocare Holdings, Inc.","www.aerocareusa.com",2,"3",1
"AFFILIATED DERMATOLOGIST OF GREEN HILLS","www.retiefskincenter.com",2,"3",1
"Affiliated Internists and Hermitage Primary Care","www.pardue.vpweb.com",2,"3",1
"Affiliated Neurologists PLC","www.tn-goodlettsville.doctors.at",2,"3",1
"Affordable Dental of Tennessee","www.affordabledentaloftn.com",2,"3",1
"AFFORDABLE DENTAL OF TN","www.midtowndentaltn.com",2,"3",1
"Affordable Dentures","www.affordabledentures.com",2,"3",1
"Agarwal Reita MD","www.goodhealthtn.com",2,"3",1
"AGING & DISABILITY, TENNESSEE COMMISSION ON","www.athomehealthtn.com",2,"3",1
"AGING IN PLACE","www.aipnashville.com",2,"3",1
"Ahom Holdings, Inc (de)","www.counselcorp.com",2,"3",1
"AHP Finance, Inc.","www.ahom.com",2,"3",1
"AHP of Oklahoma, Inc.","www.americanhometownpublishing.com",2,"3",1
"Ahs Management Company, Inc","www.ardenthealth.com",2,"3",1
"Aimee Miltich Lyst PHD Pllc","www.drlyst.com",2,"3",1
"Aionex, Inc.","www.aionex.net",2,"3",1
"ALDRICH T DDS INC","www.perryfamilydentistryllc.com",2,"3",1
"Alex Goodman DMD","www.alexgoodmandmd.com",2,"3",1
"Alexander G Nein MD PC","www.drnein.com",2,"3",1
"Align Health & Wellness LLC","www.myalignhealth.com",2,"3",1
"Alissa Sawyer Counseling","www.alissasawyer.com",2,"3",1
"Alive Hospice Inpatient Unit At St Thomas","www.alivehospice.org",2,"3",1
"ALL ABOUT CARE LLC","www.comfortkeepers.com",2,"3",1
"All Family Dentistry","www.allfamilydentistrysmyrna.com",2,"3",1
"Allcare Health Services","www.allcarehealthservices.net",2,"3",1
"ALLEN & CLAYTON DDS","www.tennesseedentalcare.com",2,"3",1
"Allen Family Chiropractic","www.allenfamilychiro.net",2,"3",1
"ALLERGY & ASTHMA CENTER LLC","www.youngerfaces.com",2,"3",1
"Allergy & Asthma Centers, P.C.","www.allergyasthmadoctors.com",2,"3",1
"Allergy & Asthma Medicine PC","www.babeallergy.com",2,"3",1
"Allergy & Asthma Specialist","www.theallergydoctors.com",2,"3",1
"Allergy & Ent Assoc of Middle Tennessee P C","www.myallergyent.com",2,"3",1
"Allergy Associates, P.A.","www.allergyasc.com",2,"3",1
"Allergycare","www.allergydropz.com",2,"3",1
"Allermetrix Inc.","www.allermetrix.com",2,"3",1
"Allied Hearing Care","www.alliedhearingcare.com",2,"3",1
"Alternative Health Products","www.alternativehealthproductsusa.com",2,"3",1
"ALTERNATIVE LEARNING CENTER","www.williamsoncounty-tn.gov",2,"0",1
"AMBULATORY SURGERY CENTER OF COOL SPRINGS, LLC","www.symbion.com",2,"3",1
"Amedisys Sp - Tn, L.L.C.","www.recruiting.amedisys.com",2,"3",1
"AMEDISYS TENNESSEE LLC","www.amedisys.com",2,"3",1
"American Addiction Centers","www.americanaddictioncenters.com",2,"3",1
"American Chiropractic Health Clinic","www.americanchirohealthclinic.com",2,"3",1
"American Dental Center PC","www.drbjacksonadc.com",2,"3",1
"American Diagnostics, Inc","www.americandiagnostics.com",2,"3",1
"American Dream Lawn & Home Care","www.americandreamlawnandhomecare.com",2,"3",1
"American Family Dr","www.afdclinics.com",2,"3",1
"American Family Orthodontics LLC","www.afobraces.com",2,"3",1
"American Foot Care Center PC","www.nashvillefootdr.com",2,"3",1
"AMERICAN HEALTH COMPANIES, INC.","www.thca.com",2,"3",1
"American Health Facilities Development, LLC","www.ahfdllc.com",2,"3",1
"American Liver Society","www.liversociety.org",2,"3",1
"American Lung Association of Tennessee, Inc.","www.lungtn.org",2,"3",1
"American Medical Op LLC","www.americanmedicalco-op.com",2,"3",1
"American Medical Response, Inc.","www.amr.net",2,"3",1
"AMERICAN NATIONAL RED CROSS","www.arc-cmc.org",2,"3",1
"American Parkinson Disease Association, Inc.","www.apdaparkinson.org",2,"3",1
"AMERICAN PATHOLOGY PARTNERS, INC.","www.ap2.com",2,"3",1
"American Retirement Corporation","www.brookdaleliving.com",2,"3",1
"American Sleep Medicine, LLC","www.americansleepmedicine.com",2,"3",1
"AMG Healthcare Centers Inc","www.amgpublishers.com",2,"3",1
"Amsurg Corp.","www.amsurg.com",2,"3",1
"Amy Mariaskin","www.amariaskin.com",2,"3",1
"ANATOMIC AND CLINICAL LABORATORY ASSOCIATES, P.C.","www.aclapath.com",2,"3",1
"Andrea Hannahan DDS Pllc","www.drhannahan.com",2,"3",1
"Anesthesia Medical Group, P.C.","www.amg-group.com",2,"3",1
"ANESTHESIA SERVICES ASSOCIATES, PLLC","www.cpspain.com",2,"3",1
"Angela F. Crisp, M.D., P.C.","www.eyehealthpartners.com",2,"3",1
"ANGELA JOYNES MD","www.pcpractice.com",2,"3",1
"Angela Simpson DDS","www.angelasimpsondds.com",2,"3",1
"Angiology Corporation of America, Inc.","www.angioscreen.com",2,"3",1
"Animal Care Center of Carters Creek","www.yourpetsnewvet.com",2,"3",1
"Animal Medical Center, PS","www.theanimaleyecenter.com",2,"3",1
"Anissa Burgess DDS","www.dentists.dickson.ypeek.com",2,"3",1
"Anita L. Hauenstein","www.anitahauenstein.com",2,"3",1
"Anna Szczuka","www.dicksonmd.com",2,"3",1
"Anthony R Togrye DDS PC","www.bracesdoc.com",2,"3",1
"Anthony Urbanek","www.tmjsplint.net",2,"3",1
"Anxiety-Depression Disorders Clinic","www.anxietydepressiondisorders.com",2,"3",1
"Any Body Fitness, LLC","www.anybodyfit.com",2,"3",1
"Apex Endodontics of Cool Springs","www.apexendotn.com",2,"3",1
"APHESIS HOUSE, INC.","www.aphesishouse.org",2,"3",1
"Apria Healthcare LLC","www.apria.com",2,"3",1
"Aqua Dental LLC","www.aquadentalcare.com",2,"3",1
"Arbaugh Patin, Linda MA Lpe","www.arbaughpatin.com",2,"3",1
"Arbor Healthcare, LLC","www.arborhealth.com",2,"3",1
"Ardella Family Wellness Clinic","www.afwellness.com",2,"3",1
"Ark of Davidson County","www.arcdc.org",2,"3",1
"ARTHRITIS FOUNDATION OF TN CHAPTER INC","www.arthritis.org",2,"3",1
"Arthritis Specialists of Nashville","www.rheumatologistsofnashville.com",2,"3",1
"ARTHUR CATHERINE MD","www.childrenshospital.vanderbilt.org",2,"3",1
"Ascension Health Alliance","www.mtmc.org",2,"3",1
"Ascent Partners","www.ascentasc.com",2,"3",1
"Aseracare Hospice - New Horizons, LLC","www.aseracare.com",2,"3",1
"ASHOK MEHTA, M.D., P.C.","www.simplycare.net",2,"3",1
"ASPEN GROVE DENTAL ASSOCIATION","www.aspengrovedental.com",2,"3",1
"Assistance League of Nashville","www.nashville.assistanceleague.org",2,"3",1
"Associated Children S Dentistry Pllc","www.associatedchildrensdentistry.com",2,"3",1
"ASSOCIATED DENTAL GROUP","www.associateddentalgroup.net",2,"3",1
"ASSOCIATED ENDOSCOPY LLC","www.associatedendoscopy.com",2,"3",1
"ASSOCIATED PATHOLOGISTS, LLC","www.pathgroup.com",2,"3",1
"Associated Radiologist PC","www.radalliance.com",2,"3",1
"Associated Urologists of Nashville","www.associatedurologistsofnashville.com",2,"3",1
"ASSOCIATION FOR GUIDANCE AID","www.agapenashville.org",2,"3",1
"ASSURANCE SENIOR CARE, INC.","www.homeinstead.com",2,"3",1
"Attachment Parenting International","www.attachmentparenting.org",2,"3",1
"Austin Adams","www.austinadamsmd.com",2,"3",1
"AVALON HEALTH CARE, LLC","www.treveccahrc.com",2,"3",1
"Axis Chiropractic","www.axischirotn.com",2,"3",1
"B. Paul Turpin, M.D., Pllc","www.murfreesborodiabetes.com",2,"3",1
"HCA Holdings","hcahealthcare.com/",1,"5614",1
"HCA Inc","hcaethics.com/",1,"5614",1
"Hercules Holdings","www.hcamidwest.com/",1,"5614",1
"Community Health Systems, Inc","www.chs.net/",1,"5614",1
"Dollar General Corp","www.dollargeneral.com/home/index.jsp",0,"5614",0
"Delek US Holdings, Inc.","www.delekus.com/",0,"5614",0
"Vanguard Health Systems, Inc.","www.tenethealth.com/",1,"5614",1
"Tractor Supply Company","www.tractorsupply.com/",0,"5614",0
"Lifepoint Hospitals, Inc.","www.lifepointhospitals.com/",1,"5614",1
"Caremark Rx, Inc.","www.caremark.com/wps/portal",1,"5614",1
"Brookdale Senior Living","www.brookdale.com/",1,"5614",1
"THE VANDERBILT UNIVERSITY","www.vanderbilt.edu/",1,"5614",1
"Healthspring, Inc.","www.cigna.com/medicare/cigna-healthspring",1,"5614",1
"CATERPILLAR FINANCIAL SERVICES CORPORATION","finance.cat.com/cda/components/fullArticleNoNav?id=316005",0,"5614",0
"IASIS Healthcare LLC","www.iasishealthcare.com/",1,"5614",1
"CRACKER BARREL OLD COUNTRY STORE, INC.","www.crackerbarrel.com/",0,"5614",0
"GENESCO INC.","www.genesco.com/",0,"5614",0
"VANDERBILT UNIVERSITY MEDICAL CENTER","www.mc.vanderbilt.edu/",1,"5614",1
"BRIDGESTONE AMERICAS TIRE OPERATIONS, LLC","www.bridgestone-firestone.com/",1,"5614",1
"Purity Dairies, LLC","www.puritydairies.com/",0,"5614",0
"Tennessee Board of Regents","www.tbr.edu/",0,"5614",0
"Louisiana-Pacific Corporation","www.lpcorp.com/",0,"5614",0
"EMDEON INC.","www.emdeon.com/",1,"5182",1
"MMODAL INC","mmodal.com/",1,"5182",1
"Beagle Parent Corp.","",0,"5182",0
"COMDATA NETWORK, INC.","www.comdata.com/",1,"5182",1
"Iostudio, LLC","www.iostudio.com/",0,"5182",0
"Local Government Data Processing Corporation","www.localgovernmentcorporation.com/drupal7/",0,"5182",0
"FARMERS' SERVICE, INC","www.tnfarmbureau.org/",0,"5182",0
"TENNESSEE D O T INFO TECH","www.nashville.gov/",1,"5182",1
"EVOLVED DIGITAL SOLUTIONS, INC.","www.inphact.com/",1,"5182",1
"Valutec Card Solutions, Inc.","www.fisglobal.com/",0,"5182",0
"Concept Technology, Inc.","www.concepttechnologyinc.com/",0,"5182",0
"FINANCIAL DATA TECHNOLOGY CORPORATION",NA,0,"5182",0
"Accuimage, LLC","www.accuimagellc.com/",1,"5182",1
"MCN Interactive, LLC","mcninteractive.com/",0,"5182",0
"Medical Data Services, LLC","www.medicaldataservices.com/",1,"5182",1
"DATA MANAGEMENT & RESEARCH INC","www.healthstream.com/",1,"5182",1
"MICHAEL READER","stylenet.com/",0,"5182",0
"Fivestone Studios, Inc.","www.fivestonestudios.com/",0,"5182",0
"Magnetic Dreams Incorporated","www.magneticdreams.com/",0,"5182",0
"Iron Solutions, Inc.","www.ironsolutions.com/",0,"5191",0
"SITEHAWK LLC","www.sitehawk.com/",0,"5191",0
"Mtsu Library","library.mtsu.edu/",1,"5191",1
"Entrada, Inc.","entradahealth.com/",1,"5191",1
"Netcentral, Inc.","www.netcentral.com",0,"5191",0
"Dataium LLC","www.dataium.com/",0,"5191",0
"RUTHERFORD COUNTY LIBRARY SYSTEM","www.rutherfordcountylibrary.org/",0,"5191",0
"T D S & ASSOC LLC","tds-associates.com/aboutus.htm",0,"5191",0
"Peak 10, Inc.","www.peak10.com/",0,"5191",0
"KRESGE LEARNING RESOURCE CENTER","www.mmc.edu/education/library/",1,"5191",1
"Disciples of Christ Historical Society Inc","www.discipleshistory.org/",0,"5191",0
"Middle TN Branch of The AGC of Tennessee Inc","www.tnagc.org/",0,"5191",0
"Mid10 Marketing LLC","www.mid10.com/",0,"5191",0
"LATTIMORE BLACK MORGAN & CAIN, PC","www.lbmc.com/",1,"5412",1
"Kraft Cpas, Pllc","www.kraftcpas.com/",1,"5412",1
"JACKSON HEWITT TAX SERVICE","www.jacksonhewitt.com/",0,"5412",0
"Phydata","www.phydata.com/",0,"5412",0
"Kruse & Associates, P.C.","www.haukkruse.com/",0,"5412",0
"Blankenship CPA Group Pllc","www.blankenshipcpagroup.com/",0,"5412",0
"Davidson, Golden & Lundy PC","www.dglfcpa.com/",0,"5412",0
"Citadel Outsource Group LLC","www.citadelosg.com/",1,"5412",1
"Statement Rendering Solutions, LLC","www.statementrendering.com/",1,"5412",1
"FAULKNER MACKIE & COCHRAN, P C","www.fmccpa.com/firmprofile_general.asp",0,"5412",0
"Crosslin & Associates, P.C.","www.crosslinpc.com/",1,"5412",1
"Frasier, Dean & Howard Cpas","www.fdhcpa.com/our-valued-clients.php",0,"5412",0
"Carter, Lankford Cpa's, P.C.","www.clcpas.com/",1,"5412",1
"Nashville Anesthsia Billing Services","www.goabs.net/",1,"5412",1
"Dempsey Vantrease & Follis Pllc","www.dvf-pllc.com/",0,"5412",0
"Inova Payroll Inc.","www.inovapayroll.com/",1,"5412",1
"Deloitte Financial Advisory Services LLP","www2.deloitte.com/us/en/services/financial-advisory.html",0,"5412",0
"Puryear Hamiton Hauseman Wood PLC","www.phhw.com/",1,"5412",1
"Sussman & Associates","www.sussmanandassociates.com/",0,"5412",0
"Jobe Hastings & Associates CPA","www.jobehastings.com/",0,"5412",0
"RAYBURN BETTS & BATES PC","www.rbbpccpa.com/",1,"5412",1
"Maggart & Associates PC","www.maggartpc.com/",0,"5412",0
"Qualifacts Systems, Inc","www.qualifacts.com/",1,"5415",1
"Patient Logic, Inc.","www.medhost.com/",1,"5415",1
"PASSPORT HEALTH COMMUNICATIONS, INC.","www.passporthealth.com/index.aspx",1,"5415",1
"MEDHOST OF TENNESSEE, INC.","www.healthtechholdings.com/",1,"5415",1
"Premier System Integrators, Inc.","www.premier-system.com/",0,"5415",0
"U.S. HOSPITALITY PUBLISHERS, INC.","www.uniguest.com/en/",1,"5415",1
"Lbmc Financial Services, LLC","www.lbmctech.com/",1,"5415",1
"Holland Square Group, LLC","www.hollandsquare.com/",1,"5415",1
"LINCOR, INC.","www.lincor.com/",1,"5415",1
"Metova, Inc.","metova.com/",0,"5415",0
"EFC Systems, Inc.","www.efcsystems.com/main/",0,"5415",0
"Mankin Media Systems, Inc","www.mankinmedia.com/",0,"5415",0
"Optimum Solutions, Incorporated","www.optimum-solutions.com/",0,"5415",0
"Emids Technologies","www.emids.com/",1,"5415",1
"New Century Technologies, Inc","www.nctsolution.com/",0,"5415",0
"Systems Integration Inc","www.sys-int.com/",0,"5415",0
"Alltech, Inc.","www.alltechinc.net/",0,"5415",0
"Everest Technologies LLC","everesttech.com/",0,"5415",0
"CLINIX MEDICAL INFORMATION SERVICES, LLC","www.clinixmis.com/",1,"5415",1
"SMART DATA STRATEGIES, INC.","www.sds-inc.com/",0,"5415",0
"Moderntech Corporation","www.moderntechmech.com/",0,"5415",0
"INFRASTRUCTURE CORPORATION OF AMERICA","www.ica-onramp.com/",0,"5416",0
"Quorum Health Resources, LLC","www.qhr.com/",1,"5416",1
"Setech, Inc.","www.setech.com/",0,"5416",0
"PROGRESSIVE COMMUNICATION SERVICES, INC.","www.workwithpcs.com/",0,"5416",0
"Chsw, LLC","www.manta.com/c/mb4s04s/chsw-llc",1,"5416",1
"Cardinal Health 105, Inc.","www.cardinal.com/",1,"5416",1
"Hays Gobbell Partners Inc","www.ghp1.com/",1,"5416",1
"Infoworks, Inc.","www.infoworks-tn.com/",1,"5416",1
"Thomas and Thorngren, Inc.","thomasandthorngren.com/",0,"5416",0
"Ehd Technologies, LLC","www.ehdtech.com/home/",0,"5416",0
"Strategy Corps, LLC","www.strategycorps.com/",0,"5416",0
"The Work Institute LLC","www.workinstitute.com/",0,"5416",0
"Edwin B. Raskin Company","raskinco.com/",0,"5416",0
"Fdrsafety LLC","www.fdrsafety.com/",0,"5416",0
"Aegis Health Group, Inc.","www.aegis-group.com/index.html",1,"5416",1
"W. D. Schock Co., Inc.","www.wdschockco.com/",0,"5416",0
"Emma, Inc.","myemma.com/",0,"5416",0
"Fts USA LLC","www.unitekglobalservices.com/our-business/fts-usa/",0,"5416",0
"CHURCH STREET HEALTH MANAGEMENT, LLC","www.cshm.com/",1,"5416",1
"Bryan, Pendleton, Swats & McAllister-Wells Fargo, LLC","www.wellsfargo.com/com/retirement-employee-benefits/bpsm",0,"5416",0
"Richards & Southern, Inc.","www.richardsandsouthern.com/",0,"5416",0
"Mmodal Services, Ltd., Inc.","www.mmodal.com/",1,"5419",1
"NATIONWIDE STUDIOS INC.","www.teddybearportraits.com/",0,"5419",0
"Mizzouri LLC","mizzouri.com/",1,"5419",1
"Fsi, Incorporated","www.myfsi.net/",1,"5419",1
"INTERNATIONAL TECHNOLOGY CONSORTIUM, LLC","www.ictnorthamerica.com/",0,"5419",0
"Smith Travel Research, Inc.","www.strglobal.com/",0,"5419",0
"HISCALL, INC.","www.hiscall.com/",0,"5419",0
"Mt Juliet Christian Academy","www.mjca.org/",0,"5419",0
"Murphy Road Animal Clinic Co","www.murphyroadvet.com/",0,"5419",0
"Nashville Pet Emergency Clinic Inc","www.nashvillepetemergency.com/",0,"5419",0
"FORTIER LOSS CONTROL CONSULTANTS INC","www.fortierdrugtesting.com/",1,"5419",1
"Symphony Home Care Services","www.symphonycare.com/",1,"5419",1
"Formco, Inc","www.formco.net/",1,"5419",1
"Mark Girone Dvm","www.petmedvet.com/",0,"5419",0
"Pinnacle Business Products, LLC","www.foxfireprinting.com/",0,"5419",0
"Avaza Language Services Corporation","www.avaza.com/",0,"5419",0
"PRINCE MARKET RESEARCH INC","www.pmresearch.com/",1,"5419",1
"MOBLEY VETERINARY CLINIC PC","www.mobleyveterinaryclinic.com/",0,"5419",0
"Agility Marketing Group, Inc.","www.agilitymarketing.com/",1,"5419",1
"WILLIAMSON COUNTY ANIMAL HOSPITAL","www.wcah.org/",0,"5419",0
"Hillsboro Animal Hospital","www.hillsboroanimalhospital.net/",0,"5419",0
"Belle Forest Animal Hospital","www.belleforestanimalhospital.com/",0,"5419",0
"Glomac Technology Inc","www.setechindia.com/",0,"5112",0
"Betazone, Inc.","www.appian.tmwsystems.com/",0,"5112",0
"Integra Software Systems, LLC","www.integra-online.com/",0,"5112",0
"Readypoint Health, Inc.","www.readypointsystems.com/",1,"5112",1
"Design/3000, Inc","www.design3000plus.com/",0,"5112",0
"Decision Source Inc","www.decisionsource.com/",0,"5112",0
"Stratasan, LLC","www.stratasan.com/",0,"5112",0
"Paskr, LLC","www.paskr.com/",0,"5112",0
"Team Interactions, Inc.","www.teaminteractions.com/",1,"5112",1
"BROCK ELIZA SOFTWARE LLC","www.elizabrocksoftware.com/",0,"5112",0
"Trinisys, LLC","www.trinisys.com/",0,"5112",0
"Medaxion, LLC","medaxion.com/",1,"5112",1
"Blue Oasis LLC","www.subway.com/subwayroot/default.aspx",0,"5112",0
"PROST-DATA, INC.","www.opko.com",1,"6215",1
"Quality Mobile X Ray Services Inc","www.qualityxray.com",1,"6215",1
"HOME HEALTHCARE LABORATORY OF AMERICA INC","www.labcorp.com",1,"6215",1
"Icon Clinical Research Inc","www.iconplc.com",1,"6215",1
"CARDIO LABS, INC.","www.cardiolabs.com",1,"6215",1
"Southern Hills Mri Associates, L.P.","www.southernhills.com",1,"6215",1
"Genetics Associates, Inc.","www.geneticsassociates.com",1,"6215",1
"Childrens Clinic East PC","www.childrenscliniceast.com",1,"6215",1
"Medical Direct Club, LLC","www.medicaldirectclub.com",1,"6215",1
"SPRING HILL FAMILY HEALTH GROUP","www.mauryregional.com",1,"6215",1
"Woodbury Clinical Lab","www.ael-central.com",1,"6215",1
"Esoterix Oncology, Inc","www.esoterix.com",1,"6215",1
"BURKE L. MAYS AND ASSOCIATES, INC.","www.maysandassociates.com",0,"6215",0
"Genetic Assays, Inc","www.geneticassays.com",1,"6215",1
"Oraldna Labs, Inc.","www.oraldna.com",1,"6215",1
"Healthspring, Inc.","www.healthspring.com",1,"5241",1
"AMERICAN GENERAL LIFE AND ACCIDENT INSURANCE COMPANY","www.aig.com",0,"5241",0
"Delta Dental of Tennessee","www.deltadentaltn.com",1,"5241",1
"FIRST ACCEPTANCE CORPORATION","www.firstacceptancecorp.com",0,"5241",0
"DIRECT GENERAL CORPORATION","www.direct-general.com",0,"5241",0
"Take Care Employer Solutions, Llc.","www.takecarehealth.com",1,"5241",1
"Lexon Insurance Company","www.lexonsurety.comc",0,"5241",0
"TENNESSEE FARMERS MUTUAL INSURANCE COMPANY","www.tennesseefarmers.com",0,"5241",0
"MEDSOLUTIONS, INC.","www.medsolutions.com",1,"5241",1
"HAULERS INSURANCE COMPANY, INC.","www.shelterinsurance.com",0,"5241",0
"Permanent General Assurance Corporation","www.pgac.com",0,"5241",0
"Hylant Group","www.hylant.com",0,"5241",0
"DIRECT INSURANCE COMPANY, INC","www.directgeneral.com",0,"5241",0
"The Vision Insurance Group LLC","www.alfains.com",1,"5241",1
"PODIATRY INSURANCE COMPANY OF AMERICA, A MUTUAL COMPANY","www.picagroup.com",1,"5241",1
"STATE VOLUNTEER MUTUAL INSURANCE COMPANY","www.svmic.com",1,"5241",1
"UNITED HEALTHCARE OF TENNESSEE, INC.","www.uhc.com",1,"5241",1
"North America Administrators LP","www.naa-lp.com",1,"5241",1
"CIGNA HEALTHCARE OF TENNESSEE, INC.","www.cigna.com",1,"5241",1
"AGC Life Insurance Company","www.americangeneral.com",0,"5242ÿÿÿÿÿÿ ",0
"Asurion Insurance Services, Inc.","www.asurion.com",0,"5242ÿÿÿÿÿÿ ",0
"Cgs Administrators, LLC","www.cgsadmin.com",1,"5242ÿÿÿÿÿÿ ",1
"PERMANENT GENERAL COMPANIES, INC.","www.thegeneral.com",0,"5242ÿÿÿÿÿÿ ",0
"Alternative Service Concepts LLC","www.ascriskmanagement.com",0,"5242ÿÿÿÿÿÿ ",0
"Tennessee Farmers Assurance Company","www.fbitn.com",0,"5242ÿÿÿÿÿÿ ",0
"Willis North America Inc.","www.willis.com",1,"5242ÿÿÿÿÿÿ ",1
"Concentra Network Services","www.concentra.com",1,"5242ÿÿÿÿÿÿ ",1
"Brown & Brown of Tennessee, Inc.","www.synaxis.com",0,"5242ÿÿÿÿÿÿ ",0
"TENCO SERVICES, INC","www.tenco.com",0,"5242ÿÿÿÿÿÿ ",0
"Crichton, Brandon, Jackson & Ward, Inc.","www.thecrichtongroup.com",0,"5242ÿÿÿÿÿÿ ",0
"DIRECT GENERAL AGENCY OF KENTUCKY, INC","www.fl.jacksonville.local.directgeneral.com",0,"5242ÿÿÿÿÿÿ ",0
"BRENTWOOD SERVICES, INC.","www.bwood.com",0,"5242ÿÿÿÿÿÿ ",0
"PINSON & ASSOCIATES INSURANCE AGENCY INC","www.transpecinc.com",0,"5242ÿÿÿÿÿÿ ",0
"THE ZANDER INSURANCE GROUP LLC","www.zanderins.com",1,"5242ÿÿÿÿÿÿ ",1
"CAPITAL FINANCIAL GROUP, LLC","www.financialguide.com",0,"5242ÿÿÿÿÿÿ ",0
"Direct General Insurance Agency of Mississippi, Inc","www.ms.mccomb.local.directgeneral.com",0,"5242ÿÿÿÿÿÿ ",0
"Pro Claim Inc","www.proclaiminc.com",1,"5242ÿÿÿÿÿÿ ",1
